id,type,rental,created_at,is_canceled,quantity,sub_total,detail
60d70d52fc13ae1795000283,60d70c5efc13ae2669000056,60d6ededfc13ae75a500037e,7/22/2021,false,4,99,Suspendisse ornare consequat lectus.
60d70d52fc13ae1795000284,60d70c5efc13ae2669000055,60d6ededfc13ae75a5000355,7/22/2021,true,4,76,Maecenas ut massa quis augue luctus tincidunt.
60d70d52fc13ae1795000285,60d70c5efc13ae266900003f,60d6ededfc13ae75a500036b,8/29/2021,true,1,32,"Quisque arcu libero, rutrum ac, lobortis vel, dapibus at, diam."
60d70d52fc13ae1795000286,60d70c5efc13ae2669000055,60d6ededfc13ae75a5000370,8/16/2021,false,9,33,Pellentesque viverra pede ac diam.
60d70d52fc13ae1795000287,60d70c5efc13ae266900000e,60d6ededfc13ae75a5000342,7/23/2021,false,7,67,"Nulla neque libero, convallis eget, eleifend luctus, ultricies eu, nibh."
60d70d52fc13ae1795000288,60d70c5efc13ae266900000a,60d6ededfc13ae75a500036d,8/21/2021,false,10,75,Proin risus.
60d70d52fc13ae1795000289,60d70c5efc13ae2669000055,60d6ededfc13ae75a500036c,8/25/2021,false,5,36,Praesent id massa id nisl venenatis lacinia.
60d70d52fc13ae179500028a,60d70c5efc13ae2669000012,60d6ededfc13ae75a5000353,8/27/2021,false,6,36,In hac habitasse platea dictumst.
60d70d52fc13ae179500028b,60d70c5efc13ae2669000050,60d6ededfc13ae75a5000337,8/14/2021,false,9,63,"Integer aliquet, massa id lobortis convallis, tortor risus dapibus augue, vel accumsan tellus nisi eu orci."
60d70d52fc13ae179500028c,60d70c5efc13ae266900004f,60d6ededfc13ae75a5000366,8/3/2021,true,3,21,Donec posuere metus vitae ipsum.
60d70d52fc13ae179500028d,60d70c5efc13ae2669000031,60d6ededfc13ae75a5000378,7/28/2021,true,3,24,Duis ac nibh.
60d70d52fc13ae179500028e,60d70c5efc13ae2669000018,60d6ededfc13ae75a500034f,8/21/2021,false,7,75,Duis mattis egestas metus.
60d70d52fc13ae179500028f,60d70c5efc13ae2669000050,60d6ededfc13ae75a5000331,8/17/2021,true,4,29,"Morbi sem mauris, laoreet ut, rhoncus aliquet, pulvinar sed, nisl."
60d70d52fc13ae1795000290,60d70c5efc13ae266900004f,60d6ededfc13ae75a5000326,8/21/2021,false,3,24,Nulla nisl.
60d70d52fc13ae1795000291,60d70c5efc13ae2669000047,60d6ededfc13ae75a500033e,8/30/2021,true,6,96,In sagittis dui vel nisl.
60d70d52fc13ae1795000292,60d70c5efc13ae2669000007,60d6ededfc13ae75a5000333,7/19/2021,false,2,20,"Donec odio justo, sollicitudin ut, suscipit a, feugiat et, eros."
60d70d52fc13ae1795000293,60d70c5efc13ae2669000014,60d6ededfc13ae75a500034d,8/1/2021,true,1,71,"Aliquam augue quam, sollicitudin vitae, consectetuer eget, rutrum at, lorem."
60d70d52fc13ae1795000294,60d70c5efc13ae2669000058,60d6ededfc13ae75a500034d,7/22/2021,true,10,63,Nunc nisl.
60d70d52fc13ae1795000295,60d70c5efc13ae2669000059,60d6ededfc13ae75a5000366,8/22/2021,true,7,75,Vivamus vel nulla eget eros elementum pellentesque.
60d70d52fc13ae1795000296,60d70c5efc13ae2669000048,60d6ededfc13ae75a5000366,8/7/2021,false,6,85,In quis justo.
60d70d52fc13ae1795000297,60d70c5efc13ae266900001d,60d6ededfc13ae75a5000349,8/5/2021,false,1,26,Nulla nisl.
60d70d52fc13ae1795000298,60d70c5efc13ae266900002c,60d6ededfc13ae75a5000322,7/21/2021,false,9,77,Nulla tempus.
60d70d52fc13ae1795000299,60d70c5efc13ae2669000037,60d6ededfc13ae75a500037a,7/21/2021,false,10,79,Nullam molestie nibh in lectus.
60d70d52fc13ae179500029a,60d70c5efc13ae2669000062,60d6ededfc13ae75a500037c,7/25/2021,true,10,33,"Morbi sem mauris, laoreet ut, rhoncus aliquet, pulvinar sed, nisl."
60d70d52fc13ae179500029b,60d70c5efc13ae266900002e,60d6ededfc13ae75a500036f,8/22/2021,true,3,36,"Vestibulum quam sapien, varius ut, blandit non, interdum in, ante."
60d70d52fc13ae179500029c,60d70c5efc13ae2669000044,60d6ededfc13ae75a5000375,7/18/2021,false,9,70,Cras non velit nec nisi vulputate nonummy.
60d70d52fc13ae179500029d,60d70c5efc13ae266900000a,60d6ededfc13ae75a5000351,7/31/2021,false,4,22,Etiam justo.
60d70d52fc13ae179500029e,60d70c5efc13ae2669000006,60d6ededfc13ae75a5000375,7/17/2021,false,10,98,Praesent blandit lacinia erat.
60d70d52fc13ae179500029f,60d70c5efc13ae266900001c,60d6ededfc13ae75a5000343,8/24/2021,true,2,91,"Integer pede justo, lacinia eget, tincidunt eget, tempus vel, pede."
60d70d52fc13ae17950002a0,60d70c5efc13ae266900000b,60d6ededfc13ae75a5000350,8/16/2021,false,2,90,Praesent blandit.
60d70d52fc13ae17950002a1,60d70c5efc13ae266900005d,60d6ededfc13ae75a500034e,8/23/2021,false,3,79,Vivamus vestibulum sagittis sapien.
60d70d52fc13ae17950002a2,60d70c5efc13ae266900004d,60d6ededfc13ae75a500035f,7/22/2021,true,7,95,"Maecenas tristique, est et tempus semper, est quam pharetra magna, ac consequat metus sapien ut nunc."
60d70d52fc13ae17950002a3,60d70c5efc13ae2669000051,60d6ededfc13ae75a500033f,7/18/2021,false,4,38,"Cum sociis natoque penatibus et magnis dis parturient montes, nascetur ridiculus mus."
60d70d52fc13ae17950002a4,60d70c5dfc13ae2669000003,60d6ededfc13ae75a5000369,8/4/2021,false,5,27,Curabitur gravida nisi at nibh.
60d70d52fc13ae17950002a5,60d70c5efc13ae266900005c,60d6ededfc13ae75a500035e,8/18/2021,false,6,88,Pellentesque ultrices mattis odio.
60d70d52fc13ae17950002a6,60d70c5efc13ae2669000048,60d6ededfc13ae75a500032a,7/21/2021,false,4,73,Cras pellentesque volutpat dui.
60d70d52fc13ae17950002a7,60d70c5efc13ae266900001d,60d6ededfc13ae75a500032b,7/28/2021,true,10,29,Pellentesque eget nunc.
60d70d52fc13ae17950002a8,60d70c5efc13ae2669000044,60d6ededfc13ae75a5000354,8/28/2021,false,2,41,In blandit ultrices enim.
60d70d52fc13ae17950002a9,60d70c5efc13ae2669000014,60d6ededfc13ae75a5000323,8/21/2021,true,1,90,Vivamus vel nulla eget eros elementum pellentesque.
60d70d52fc13ae17950002aa,60d70c5efc13ae2669000034,60d6ededfc13ae75a5000342,8/14/2021,true,4,44,"Fusce lacus purus, aliquet at, feugiat non, pretium quis, lectus."
60d70d52fc13ae17950002ab,60d70c5efc13ae2669000058,60d6ededfc13ae75a5000353,7/26/2021,false,4,59,Nulla suscipit ligula in lacus.
60d70d52fc13ae17950002ac,60d70c5efc13ae266900004f,60d6ededfc13ae75a500035c,8/24/2021,false,6,88,"Quisque arcu libero, rutrum ac, lobortis vel, dapibus at, diam."
60d70d52fc13ae17950002ad,60d70c5efc13ae2669000011,60d6ededfc13ae75a5000322,7/29/2021,false,8,42,Morbi ut odio.
60d70d52fc13ae17950002ae,60d70c5efc13ae2669000040,60d6ededfc13ae75a5000365,8/24/2021,false,4,29,Cras in purus eu magna vulputate luctus.
60d70d52fc13ae17950002af,60d70c5efc13ae2669000061,60d6ededfc13ae75a5000371,8/20/2021,false,8,80,Maecenas pulvinar lobortis est.
60d70d52fc13ae17950002b0,60d70c5efc13ae266900002c,60d6ededfc13ae75a5000362,8/24/2021,false,2,55,"Mauris enim leo, rhoncus sed, vestibulum sit amet, cursus id, turpis."
60d70d52fc13ae17950002b1,60d70c5efc13ae2669000038,60d6ededfc13ae75a500032e,7/26/2021,true,10,26,Nulla mollis molestie lorem.
60d70d52fc13ae17950002b2,60d70c5efc13ae266900002e,60d6ededfc13ae75a500036d,8/14/2021,true,6,51,Nunc rhoncus dui vel sem.
60d70d52fc13ae17950002b3,60d70c5efc13ae266900005a,60d6ededfc13ae75a5000345,7/21/2021,true,6,20,Maecenas rhoncus aliquam lacus.
60d70d52fc13ae17950002b4,60d70c5efc13ae2669000046,60d6ededfc13ae75a500035b,7/22/2021,false,2,30,"Vestibulum quam sapien, varius ut, blandit non, interdum in, ante."
60d70d52fc13ae17950002b5,60d70c5efc13ae2669000050,60d6ededfc13ae75a5000351,8/4/2021,true,10,80,Aliquam erat volutpat.
60d70d52fc13ae17950002b6,60d70c5efc13ae2669000027,60d6ededfc13ae75a5000320,8/18/2021,false,10,67,Aliquam quis turpis eget elit sodales scelerisque.
60d70d52fc13ae17950002b7,60d70c5efc13ae266900002c,60d6ededfc13ae75a500034f,7/30/2021,true,2,71,"Mauris enim leo, rhoncus sed, vestibulum sit amet, cursus id, turpis."
60d70d52fc13ae17950002b8,60d70c5dfc13ae2669000001,60d6ededfc13ae75a5000374,7/22/2021,false,3,42,Suspendisse accumsan tortor quis turpis.
60d70d53fc13ae17950002b9,60d70c5efc13ae2669000025,60d6ededfc13ae75a5000332,8/18/2021,true,3,77,Nulla tempus.
60d70d53fc13ae17950002ba,60d70c5efc13ae2669000044,60d6ededfc13ae75a5000331,8/11/2021,false,1,59,"Lorem ipsum dolor sit amet, consectetuer adipiscing elit."
60d70d53fc13ae17950002bb,60d70c5efc13ae266900003c,60d6ededfc13ae75a500035c,8/3/2021,true,9,50,"Quisque erat eros, viverra eget, congue eget, semper rutrum, nulla."
60d70d53fc13ae17950002bc,60d70c5efc13ae266900003d,60d6ededfc13ae75a5000331,8/1/2021,true,3,57,Mauris sit amet eros.
60d70d53fc13ae17950002bd,60d70c5efc13ae2669000059,60d6ededfc13ae75a500037e,7/27/2021,true,5,97,Quisque ut erat.
60d70d53fc13ae17950002be,60d70c5efc13ae2669000045,60d6ededfc13ae75a500032a,8/4/2021,true,6,25,In quis justo.
60d70d53fc13ae17950002bf,60d70c5efc13ae2669000018,60d6ededfc13ae75a5000351,8/21/2021,false,1,29,"Nullam orci pede, venenatis non, sodales sed, tincidunt eu, felis."
60d70d53fc13ae17950002c0,60d70c5efc13ae266900003f,60d6ededfc13ae75a5000364,8/30/2021,false,5,59,Curabitur convallis.
60d70d53fc13ae17950002c1,60d70c5efc13ae2669000014,60d6ededfc13ae75a500034e,7/27/2021,false,7,88,Maecenas rhoncus aliquam lacus.
60d70d53fc13ae17950002c2,60d70c5efc13ae2669000051,60d6ededfc13ae75a5000354,8/22/2021,false,3,31,Morbi non quam nec dui luctus rutrum.
60d70d53fc13ae17950002c3,60d70c5efc13ae266900005d,60d6ededfc13ae75a5000352,8/26/2021,false,10,60,Donec quis orci eget orci vehicula condimentum.
60d70d53fc13ae17950002c4,60d70c5efc13ae2669000022,60d6ededfc13ae75a5000367,8/2/2021,false,7,29,Cras non velit nec nisi vulputate nonummy.
60d70d53fc13ae17950002c5,60d70c5efc13ae2669000038,60d6ededfc13ae75a500036a,8/23/2021,false,9,97,Suspendisse potenti.
60d70d53fc13ae17950002c6,60d70c5efc13ae2669000025,60d6ededfc13ae75a500033a,8/26/2021,false,3,22,Ut tellus.
60d70d53fc13ae17950002c7,60d70c5efc13ae2669000013,60d6ededfc13ae75a5000364,7/23/2021,false,5,88,Aenean auctor gravida sem.
60d70d53fc13ae17950002c8,60d70c5efc13ae2669000008,60d6ededfc13ae75a5000340,8/24/2021,true,9,55,Vivamus in felis eu sapien cursus vestibulum.
60d70d53fc13ae17950002c9,60d70c5efc13ae2669000008,60d6ededfc13ae75a500035c,7/29/2021,true,8,94,Morbi a ipsum.
60d70d53fc13ae17950002ca,60d70c5efc13ae2669000029,60d6ededfc13ae75a5000370,7/22/2021,true,8,93,Curabitur convallis.
60d70d53fc13ae17950002cb,60d70c5efc13ae266900005c,60d6ededfc13ae75a500032e,8/16/2021,true,7,24,In hac habitasse platea dictumst.
60d70d53fc13ae17950002cc,60d70c5efc13ae2669000021,60d6ededfc13ae75a5000366,7/17/2021,false,4,38,Proin at turpis a pede posuere nonummy.
60d70d53fc13ae17950002cd,60d70c5efc13ae266900003a,60d6ededfc13ae75a5000321,7/29/2021,false,5,58,Duis bibendum.
60d70d53fc13ae17950002ce,60d70c5efc13ae266900003f,60d6ededfc13ae75a5000357,7/25/2021,false,6,99,Pellentesque viverra pede ac diam.
60d70d53fc13ae17950002cf,60d70c5efc13ae2669000048,60d6ededfc13ae75a5000361,8/24/2021,true,6,64,"Lorem ipsum dolor sit amet, consectetuer adipiscing elit."
60d70d53fc13ae17950002d0,60d70c5efc13ae2669000021,60d6ededfc13ae75a500036b,8/16/2021,true,1,58,"Cum sociis natoque penatibus et magnis dis parturient montes, nascetur ridiculus mus."
60d70d53fc13ae17950002d1,60d70c5dfc13ae2669000002,60d6ededfc13ae75a5000356,7/30/2021,false,1,80,Aliquam quis turpis eget elit sodales scelerisque.
60d70d53fc13ae17950002d2,60d70c5efc13ae266900003f,60d6ededfc13ae75a500033c,8/13/2021,false,4,47,Aenean sit amet justo.
60d70d53fc13ae17950002d3,60d70c5efc13ae2669000046,60d6ededfc13ae75a5000377,8/1/2021,false,3,24,Etiam vel augue.
60d70d53fc13ae17950002d4,60d70c5efc13ae266900005a,60d6ededfc13ae75a5000364,8/10/2021,true,1,51,Curabitur at ipsum ac tellus semper interdum.
60d70d53fc13ae17950002d5,60d70c5efc13ae266900000c,60d6ededfc13ae75a500032b,8/6/2021,true,9,69,Nunc nisl.
60d70d53fc13ae17950002d6,60d70c5efc13ae266900002b,60d6ededfc13ae75a500033e,8/16/2021,false,3,63,Phasellus in felis.
60d70d53fc13ae17950002d7,60d70c5efc13ae2669000011,60d6ededfc13ae75a500036f,8/2/2021,true,4,70,Curabitur gravida nisi at nibh.
60d70d53fc13ae17950002d8,60d70c5efc13ae266900002f,60d6ededfc13ae75a500036e,7/30/2021,false,5,49,Duis bibendum.
60d70d53fc13ae17950002d9,60d70c5efc13ae266900001b,60d6ededfc13ae75a5000369,8/16/2021,true,5,84,Sed accumsan felis.
60d70d53fc13ae17950002da,60d70c5efc13ae2669000024,60d6ededfc13ae75a5000364,7/26/2021,true,8,84,"Vivamus metus arcu, adipiscing molestie, hendrerit at, vulputate vitae, nisl."
60d70d53fc13ae17950002db,60d70c5efc13ae2669000056,60d6ededfc13ae75a500032e,8/15/2021,false,5,74,Nullam varius.
60d70d53fc13ae17950002dc,60d70c5efc13ae2669000013,60d6ededfc13ae75a5000323,8/29/2021,true,8,39,Donec semper sapien a libero.
60d70d53fc13ae17950002dd,60d70c5efc13ae2669000008,60d6ededfc13ae75a500033e,8/4/2021,true,6,56,"In tempor, turpis nec euismod scelerisque, quam turpis adipiscing lorem, vitae mattis nibh ligula nec sem."
60d70d53fc13ae17950002de,60d70c5efc13ae2669000043,60d6ededfc13ae75a5000351,8/25/2021,false,5,65,Nunc nisl.
60d70d53fc13ae17950002df,60d70c5efc13ae2669000008,60d6ededfc13ae75a500037c,8/27/2021,false,6,89,Sed ante.
60d70d53fc13ae17950002e0,60d70c5efc13ae2669000025,60d6ededfc13ae75a5000349,8/18/2021,true,6,69,Praesent lectus.
60d70d53fc13ae17950002e1,60d70c5efc13ae266900004c,60d6ededfc13ae75a5000356,8/15/2021,false,5,24,In hac habitasse platea dictumst.
60d70d53fc13ae17950002e2,60d70c5efc13ae2669000005,60d6ededfc13ae75a500033f,7/31/2021,false,7,67,Vestibulum sed magna at nunc commodo placerat.
60d70d53fc13ae17950002e3,60d70c5efc13ae266900001e,60d6ededfc13ae75a5000323,8/23/2021,false,8,97,Suspendisse ornare consequat lectus.
60d70d53fc13ae17950002e4,60d70c5efc13ae2669000031,60d6ededfc13ae75a5000320,8/15/2021,true,7,78,Integer tincidunt ante vel ipsum.
60d70d53fc13ae17950002e5,60d70c5efc13ae2669000010,60d6ededfc13ae75a500034b,7/20/2021,false,3,81,Aenean auctor gravida sem.
60d70d53fc13ae17950002e6,60d70c5efc13ae2669000017,60d6ededfc13ae75a5000343,8/18/2021,true,9,55,Donec posuere metus vitae ipsum.
